Protein ID,Sequence,Allergen Test,Antigen Test,Signal P
TsM_001081200,MHKTKDVYKPFGDIYHFDRGPNRRPDVVNAKVSIQRNVWSFVVEAVLEYCRISFDLFSDSRPISVISVDLEEKILSLWYEEDQSLEAVWKAFSTEGDCTASVDLDYPGMPGLYSCKNVLHMPTPYQTQQPDTSNVGCVLIIGSNMRTKLPNWLPILIEQLQKPPQEAGYLPIDRTEWIFIDLDLSSSNDETVEETEVMSTEKHKMLYQQVTVTKNRSVLRALMRLAERNLGLASTLVQEIPMKEEANADSVSTMYGVELLHESKAHDFLQRLGLAERLYLRQEADKTTFQEPSSGFSKTLGIKWISPRPVDNLLIRYSVGAFRVTMAAVNTRSSVCLSQFVLGGRCVVLAHNLYRGSASPEGPQTSADVFLLLCHGSVMYLHVLATPAPLSHPPILPTLPACQLETSEVDFRITDFVKNFLLPARLAPASANSVYTITPKIRALQLVERGTRYWPLRNDATLIGGNELAAPLFEHMTKDFFEAAESAACETAIDSILATIKAHPVPKETGSSHLLCSQPVAVAVELEFLLSQYADISEDHSQLMVTFKKKAEAVVFANKRLSKLIPKAKNLLINGHPIPGSSLSLLSEIKRQLSNKGGGISGPRAVTSLPDNECAEIWFLRSFFFNFKGSMETFVQQLTAVSRRPASSRAEFEGVLAVGNSKGPLRLYAGLTGGGEEN,Non-Allergen,Pending,Pending
TsM_001010100,MHCNVSFGVVILEDLIHASPNGVELFRECAPTIDAVTGRHLRKLGLASVRHQNSKKVSLCVLYEPAKPRRWVRCDVQGTTLPLLHAAMEVVVAVLQLQSYITLNLATDRAP,Non-Allergen,Pending,Pending
TsM_000750400,MGTLTPKPFLSSITGKKVIVKLKWGMEYKGYLVAVDRYMNLQLHSTDEYIDNCFTGSLGEVLIRCNNVLYIRECEDDSKTDVD,Non-Allergen,Pending,Pending
TsM_000711900,MSESTKLATPFVPPNAPGTVNLGCSQSTVTRDSMINSVENVCGADDSGSGNQEGQGTVRPTNFTYSAGLILSCLGCVLGTGNIWRFPRMVAVASSDLGSLTFILAWVFFLFTWSIPLIVTEYTLGRFTRGSPVVAFYKFLGEKFIWVGSWVTSIAFMISAYFSVVVGWCFYYFYVACAWPDLPSTEPESRAIFDHFIQTYWSLFNHTLCLLICGVAVFKGVKGIEIANGVLVPLQLLIVVLVFYWSLSREYAEVGIKFMFTPEWGTLLDPKLYVEAACQNAFDTAAGMGLFSAYAAYFSRDTGAVRYSVILPVINNLVSLTCGLTIFATVFSTLIQTSPTLTVPQIVEIMKESGPGSTGLTFTWVPVLMSKLGIMGRILCGLFFLCLSFAGISSMIAYIELTARTIQDFGVKRLWATVGSLVVTFLVGVPSAISINILSNQDFVWSFALMISGLCYCALVISYNPVQYLRVIVNDFAINDWRLPFVWVIIIWAILAVLVGAVNLIVVILKVSALKASASVGYDPYYPEAIPPPTQCYRMVEVPIYSQDRICDDSESGKP,Non-Allergen,Pending,Pending
TsM_000972200,MSVGDIGDWEDQVSPADISLAASKPRRKSIRRSMMIIPTSSDSPIGYSSPKIVVRRKSLGAALRNDYASSISSTPVSPHSLSPLGKQDRERANIHLDQPLALSPLRLPVGTSPITAFSPHSRLEGTNFLGPPTKSPSHSSLHNSESRKTPVLNDTKPISNSIDALFENYERELSEWPKLLDRLEYEASSPLQIPCMKLEEMMKNSMLSPFVEFISLDKSNSTVNELQRRAKRAYKSVMTGLVRTKLVYRKLRYSVAALERRNAALKNAKLKDLLPDLVLNPSPMNARDLLAFIPCLREGESLL,Non-Allergen,Pending,Pending
TsM_001058200,MHIAIVTGGNRGIGNGIVELLARSLKPVSDWRIYLTARNEKLGLEAVKVLEEKGLIVKFHQLDITDVDSRHKLAEFIKEKYPDGIDILVNNAGIAFKHDSTASLGEQARVTIATNYTATVKMCIEFLPLMGKDSRLVNVASMAAMMSLRAMSKEMAAKFKGQLSLQELDELMAFFIKHAEAGDHEKVGLSGFAYGMAEIGVWKATGILAEELKSDPRHILINSCCPGYVDTDLTNHKGYKTILEGADTPVYLATLPKGVTEPYGQFVSERQVVNVDRECPL,Allergen,Pending,Pending
TsM_000495200,MATEETYLMTLLYPFDVAIYGSQSALNSTTTYDKFVALCCRGLNCEMATAQNLPSKYVKLAKAQLGEDPKNISAHVEALRRWLVSMPHLTCPNDDNFLLMFLRQSKYVHAKAQARLDNFCTLSTIKSIGDVIWGTPLDLKSKELDNYLNTGMHLPLDYLEDGKSCFWIRPGVWNPDELPVGQVFYYAYKVIFMIALDPRTIIGGNIVLLDFSGGTSKQVLRDPNVMKLWSRFLQEAMPLRPCRILFYNEGKLLDTMKSVMMFYMKEKMKKRMVWCGSDAEKIFETEPGLRAVLPPDIGGDGKPLEDLIQANKKRFHEFYGRGDLTGTIKVDESKRPLSARDFLHEYKDYNANVMGKGGTYVKVDQGEI,Non-Allergen,Pending,Pending
TsM_001091100,MNGLDLKSSEMRALIRLSAKMKSWLDAAVLAYTSRPKVYDGACLDPVKAKMLGVTSIPPKLVSEGSASDFASQKRYDEIKAFFAEHEVPCPRVIQQALESVKINVDQWKRDEKSVGKFLHKLLC,Non-Allergen,Pending,Pending
TsM_000935300,MAKGLGKGRKEGIFLEGRVAILSENGPRKMQTSNRNTEELQTQTILQLIWTNVKQQLRSQFNCVEESARTSFPAIGALITATQSLVQRALSPFDTPMWYMIAKVGDAVKAP,Non-Allergen,Pending,Pending
TsM_000695500,MEDSPEPQLLKEADNLKKRLKEEKNKLNDGESNVTFMSGHFDSIPAVNIKVRRVLKGHQGKVLSLAWSLDKRHVVSSSQVTCIVSMTFQDGKLFVWDAFTSSKEFCISMPTTWVMACSFSPSNSFVACGGLDNKCTIYPLLSEEDLSLKKRLVATHSSYLSCCLFNLSDHQLLTGSGDSSCILWDVESAQMIQSFHGHSGDVMCIDGSPSECGKVFVSGSCDRCANVWDMRSGQCIQVFQGHEADINSVIFFPSGDAFATASDDATIRLFDLRTDRELCVYKKDSVIFGCNAVDFSLSGRLLFGGYNDHSLNIWDTLKGKRVSILYGHENRVSALRTSPDGNAICTGSWDSTLRKRNIPV,Non-Allergen,Pending,Pending
TsM_001243800,MSGYDLSGLSRLGKIGEGTYGVVHKCLDRKSGQLKALKRIKLEHSDQGVPSTALREIALLRELKHPNIVT,Non-Allergen,Pending,Pending
TsM_000280900,MLQGLALTNLPFIKGEESPELLGSRVVGYPIGPWTGMKFRYGAQFAAEILRKGSLSSLSIEEGVCKVNGGVWGSPCGLEKDIATISVQDVREQKSLIILKDAQSDEPIAVAHFVRCCNFSRPAKDFIEVRFIQLKGYVKDNNLTSIRNHLLVTAIRCALAKSVLNLNVLDHMVKNTTLDLREFYGTFPITPGADYANFVWGTEKSYLTVSVDFTQSGTSPEEQECETYRDMQKTVPSFAKLCMQGIE,Allergen,Pending,Pending
TsM_000289000,MPGTGYTLVHLGHSTPAHVIAPVADKPTVITTPILCKTKLRNHKKLFTRIQKSKGAVDVFGDLCLPVEVQLTETEGSA,Allergen,Pending,Pending
TsM_000321300,MDSAGPNSSSKAVDSGPLLVHKFVPSRPKVELLEGLPDPIIYNVVSSVDLACSIELRKVVMYIRNAEYNPRRFTGCVIRLREPRVTCLLFSTGKMVTTGGRSEESNNLGARKCARVIQKLGFPVQFNNFRIQNVVGIVDLKFPIRLEGLLMANEQMSQYEPEIFPGLIYRIINPKLVFLIFVNGKVIITGAKSVELVYEALNKVYPVLRNFRKMA,Non-Allergen,Pending,Pending
TsM_000411000,MLPARLWCFSTRLRLQNVAEVAQPKQLTISLSGGFETPQDKSIFSGDWGLHRFPGSHSLCTACPSKLELVLICLPHLEDVNLSNKVVSSISSIKRCDSILLVTGRIGAVAAWKCGNACPISNFIINLV,Non-Allergen,Pending,Pending
TsM_001161500,MKVNIAFPANGTQKCLEIDDDHKLRPFYDKRMATEMPVDFLGDEWKGYIVKITGGNDKQGFPMKQGVLTNGRVRLLLSKGKCYNPRRKGTRKRKSVRGCIVDSNLSALNLIVVRKGEGDIPGLTDVSVPRRLGPKRASKIRRLFNLEKADDVRQFVVRKPLPAKGDKKPRSKAPKIQRLTTPIRLQRKRRHRALKKKRIAIRKELETEYAKMIAVRRKQARDERRRSRSRSLRESKAASEE,Non-Allergen,Pending,Pending
TsM_000065000,MMLSRSWREQILLAGGILRRGTASGWERSHEIKKEVKKKREQVLLGGGRKRIDAQHKRGKLTARERLNILLDDDSFTEYDAFMEHNCTNFGMEKNKIPCDSVVTGHGTINGRRVFLYSQDFTVYGGSLGVVHSQKICKVMEQAMLIGAPIIGLNDSGGARIQEGVDSLAGFSEIFQRNVDASGVVPQISLIMGPCAGGAVYSPALTDFIFMVRDTSHLFITGPEVVKQATNETLTQEELGGTETHTTASGVAHRAFDNDVDALLSLREFLTFLPSSNREAPPCRECHDPVDRLVPFLDYVIPKDPSTPYDMHKVIHVSRQAIVDESDFFELMPTFAPNLLTGFARLAGRPVGIVANQPTVAAGCVDINAAVKGARFVRFCDAFGFSLVNLVDVPGFLPGVGQEAGGIIRHGAKLIFAYCEASVPKVTVITRKAYGGAYCVMSSKHLRGDVNYAWPSAEIAVMGAKGAVPIVFRDKLNEVESTVALQAAYEHAFASPFPAVARGYLDDIIEPCTTRARLCADLDLLKGKRVPNANQYPRKHANMPL,Non-Allergen,Pending,Pending
TsM_000510800,MTVMLSRQILRLCRFTPITLLLRLASTPSSLCLVPIGQAQPLRESSYEPGQLILHRHFGCRGVILQSWSARLFDKNLALGTDPPAKSTQETHQTIDEGPMPTPPLESGRSVYGYTVLLDNQDAALCNSSLVPGISFLPDDEGLFNTIYMMTGMDYAFHDDIIPYTSKNVLPLKNEYFEEFLRFDPNREPHFCPTDRLQGWLAARQPSLEMKTMHRETTEGVRVTVVPFLMGQRKFRYSEKTLNYYWRYLIRLENLTDECLQLRERFWKLFSINGSLESVSGKGVVGVQPLLSVQSPVFQYHSHVQVPVPWAHMWGQFRLEKPNGTTVDVKIPVFPLCVNDFLEDHGSATTNSGDTTK,Non-Allergen,Pending,Pending
TsM_001199700,MIESTFLDYLTKFKVTTYAGIEDFADKFNFIYTVVVLSLCTVIITAKSYLLKPIACYISTEIGGTNLLNYVENYCWVQGTIPISYASKMPQNDAEWAELENVKILYYQWVPFVLGLQCCLFYTPRLIWQAICYNRTGTDLENLVNQAVTAMHSDEKSRQGTVDTIAEGIEHLLFQGQKRAMLGREDSRGGGRSGTDSEGEKMLDYSGEKHHKRNFAAQSARLRVFSKRRGNYIVLTYLLIKMLYLANAIGQMFLMQHFLGFNSTSSPLFGLSVLKNIINGHDWQMTQIFPRVGFCYAEMKILGVRVNGVTAQCALPVNMLNEKLYIFLWWWILAVAIITAIYLLLWTIRICAKSREVDYIIKYIRFADDVPQFDERDVDDFALRFLRHDGMFLIRMVRLNAGDVVAAGVVNALWSRYQQRLESGNRDPLTNNVRSNIGWSANLEKGGDDTTVRNRAPEMAPVDSKEPPYPHQPRSIV,Non-Allergen,Pending,Pending
TsM_000424100,MPTQTSALLNKSTYQFYNLFKMASILPKKIEEFGSPDYWNNFFTKRSATFEWYGDFATLVEILVQNIKKSDSVLEVGCGNSILSADIYDKVGCATYLGIDYSQKAIEQSQKLITPSRPSLRFEFADVFKLSSELDRLGLTNKDFNCVVDKGTFDAIDSGKSEVNVNRYFDEIASALSLFGRYILITLAQDHIVKHIADYFLEKGSQWIVSCYQVTNPEERPVDSITLPLFTFVITKMKPAPVLPQLRLKAFSDDQPCRPIQEDLKQRLADWIKYLQISCILSQSRIKSKCGREFEIIHAKSGLAMFVCRLVVVDKARDSTSAANHHPKAVFLVPQADAGDYVPVEAVQRLLESMGRLTCALLAFPHPSLRFASLEVAKSSLSDGLVVSPLAATIRNLPIYSTTDGYPKMHVMKEVSPYAVITEAAKRRRLQNRLVVQCFDTDIYRFISDEAFSEPSSILLLVWINVTRRLAETLGQGGAKLVYYGVPPCFHKIITESLCINIPTDDLKTLIRELYRDVHYQVELDEGCAFMCYDPLSDSSKEDLSEFFQAAEKSLIPQGICCILSRSAAINNPPSRDRISQIEQICGSSLKVLLKQECGAASIYVIYKKKHKVPKAKFAARLCHIVSDASTMECATSPNNKSQSVASRYLSVGM,Non-Allergen,Pending,Pending
TsM_000756800,MATANIAQHDYIFKLLLVGDSGVGKSCLLLRFADDTFYDNFSSTIGVDFKIRSVDLDGHHIKLQIWDTAGQERFRTMTVAYYRGAHGIIVVYDVTSDESFRNLELWMEEIKRHARSDVIKILVGNKSDLEDRRKVTYEQGAEFANLHGLHFFETSAKSSSRVEEAFFSMAEQLLKSFRQQRQQQLQQQQSQSIVITQTEPVKASSQSTGYCC,Non-Allergen,Pending,Pending
TsM_000821000,MMRSSFARTLHEVKNCDGSLANALNNSETMTINAAPLLLETSLPNLSNQSIHKSVKKKHSLTHDNSLLPSAFYRRPVTADCDGDRFIPNRRAMDMDRAQFYLTQAAAVSDPSSLPKLTDRILEFSRKRPSAPGRDPAAHEKNKSKQSVRYIPTRPENVLDAPDLLNDYYLNLIDWSEQCNIAVALDRDVYLWNARSGGVQLLMTAGLREEHITSVRFSPHDGNILAVGTSMGRLQLWDVERTSLQRTMLRDDGDPARIPALAWRDHVVTSASRTGEIRHHDIRVAQHLEVCGLQWSPDDRFLASGGNDNLVCIYSASEAFKLSGGRPDHVFNEHMAAVKAIAWCPWKPTLLATGGGTRDHHLRFWNVYSGACVRTVDVETQVSGIIWNGEFRELITGHGSGSLCIWKYPHIQKVKELTEHQDRILSIVASPDKEMVASCSGDETIRIWHCFKVDKAKKRLEEQRNASIFAFPRPMR,Non-Allergen,Pending,Pending
TsM_000054800,MADDDDDNDGVPDIYEDKDGNQMLDYLEAKDTDGDGIPDYLDEDDDNDGIPDHLDDDDDNDGIPDDEEDENMNSVPDVMEMKDSDGDGIIDLLDTDDDNDGIPDYLDDDDDGDGIPDDKEDSDGDGIPDKQEKTRPPRKIPPPPTRTEKGPAKKRSAPDSDNDDEVKSVFGKAPKPKKKAPAYSDESEESSKPSVLRQVVQSVLRRMEAIFGVDE,Allergen,Pending,Pending
TsM_000933500,MTVTEELVRRRAEHNEGEICSLEELALHQQDIENDIEKIAKEFWQEKGPYTPESRTETYEFLRLQKEQESKKAASFEETKPRRKIFFAEDGRPYNINEPKIEFKFYEEIMEDEQYFVLDIAAYKNMDTSLIDCDVQTNYVRVTLRNKVFQIALPEEVHPDKSSVQRSRVTGRLLVRMPKVKSSSIIEPRNTKWKRTTGSVEKTESKDKTKGGKSNFLTVGETTASVDWRNITNAEDSRSGDLGMEKRAPVNRRKERENSPSFVDNPAVPPLE,Non-Allergen,Pending,Pending
TsM_000998500,MLKYISDGKRHTIELASDENLTVGDLMNAVEKEFDIHRSREKLILRGKSLLDEDAEIYSIGIKTGSRIMLIGKVGMLQYFPSSTNFFQKEVADHREINKLNELEVSLSAVQTQLASLKAASDCITSSTADCVRKKLMKDIIAVTEVCVKNLEIADSIMLPVGDAKERERRKSLADSFNDLIVSAEQLQFELDCVCNESPITDPNKQAYFPLDKFVFI,Non-Allergen,Pending,Pending
TsM_000922500,MTVIDLQKMISSKTIISLRRAVQPSMNFVRNWGRPLAAYGVGAAVLAVYLIDWRVVVTRLPFYRKKFAEKTIE,Non-Allergen,Pending,Pending
TsM_000874600,MGGWAIRALVHKIRRRSSGEIVEEGLPPPLPQIPGEEEEQSLNFHSLGPVIDIDEEAALPASYSEMEESSGLPFNYVDEWNSLLPPQESPKAEGDYTFGGADGRSKDLEEELDVTTIPTTAGCGTDQPAAWLTFALTLITVSVDFRECGISLPQNHH,Non-Allergen,Pending,Pending
TsM_000457800,YNDNILYVQWAPEGILPPPESRSADEEAGLWKEESQRKPDESTREDAKAKFVDLIDTDKVEEPDDIDVNIGEKEEDCRESEKRKGGREEDADGVKEEGEDGNKALKRRKHKRAETKDAAEPVHEDKVNSRKKRKMMQNDAEAVDAKGDAEVDGSSPSKKARQTEDEEEFSLVRKPADVVVSTTLPIESPQSRSQKKAVTKRKEEEESRVILVRNVAFQASQSEVTALFKPLGGLVKVRMPQKPSGGHRGFAFVEFATHDQAKSALETFGVDTHLMGRRLNIEYARLEVARPLEARPWKNGIG,Non-Allergen,Pending,Pending
TsM_000860900,MSCFICGCEFCWLCLREVRDTHFLSPTGCTFWGRKRWPFRRRICAMLLAAFGTPFILAIVTALAIPGIAIGFPAYLVYKVGQNVKGKKWKRILLKTLSFLGGLLVSPIIAGLVALFGIPLVLIYVYIFMPITLFSELKVRLSTDSANTADVDPEVGFKINWDRVGESASTTSSTVTASVDTLAPDNSPKTTKTPKHPQGS,Non-Allergen,Pending,Pending
TsM_001225200,MLQNMTSRRLASMLETFVLIVASLFIGFFFSWQITLVSLAYFPILVIAGAFEMQTWSAEVTRKSVKGASLAQEVFSASKTVSALQAEEYFADKYASRALLSQSQILKGVARYALVNAIANSLMSFEFSGVFYLGGVLLERGDITILQLWRSYSAISFAASSLGYAASFAPDAKKASKAAKAIFEIINRHPHLQPDHGDFPDRSFTGNIVFNNVRFRYPARKQIPVLKVPNMEVHRDTP,Non-Allergen,Pending,Pending
TsM_000315400,MLKSLNKKAGRCVISCGIKVRPPQILIKYTEGEKMKLHKINMGNSSDIRHTISCIDDLYNSQNHCAFLDPIPKAQIIRLIYILRDLQNGVPLDESLKYNNEVEKISPTEDLNKETDEVVERQTVMNEQYEINLIGPNDPNFRYDLSVDFPEQRETSEWDSDMSDF,Non-Allergen,Pending,Pending
TsM_000567700,MDAYALVKSGKLKLKGHEDKPKKRKRKSSGPSLTSASKVIRNAFSDDLAAHGGWWEISKFADIIGPVAIQMTGLAPAQECSSSSADQPLPIPPAYYLSASDDGFVNLGPPRREGEPPAPEEIFTAVKVSDTKVAFKTGYDKYMTANTSAQNLITAAADAIGPREQFEPVFQDGKSALLGFNNCFVSVDTDSDRAICRAQKAGPTEMLVIRSNKDLTHNPLNDLPEEERHGTKKAEYLYVRKFQSWQDKKIRLTREDTVALKDAKRVGNLHECMLDRREKMKSDRYCK,Non-Allergen,Pending,Pending
TsM_000048800,MRSGEEEEEEKEGLVVLLTPNCYDFYLLRPSGVFGTAGREVGIDGEMAREATEMETEQNTACGEKTKWEGGTDEKLNDGNEKAKKAEYQTIHHGSKHVVRCCAMDHFEHDTRKSIGSTCHRVVAPRAVWCWLWTASLVAGFEAAGITCL,Allergen,Pending,Pending
TsM_000908700,MEQLPNRKRMIPHELAFPGHLTPPDIQAYQQFSNQSGNPLFSPNRLHSLRKAPPLLLDGIDGRLNPESFYYKSKSASKQRQNLLMQEILPEYRLEERRTCDSFVINGSEIRRPNSIHQAVEAYMRRSSIKNSSNVDRNTKTEASCGPLMPEPSLHTWRMTNEIVDLLLEGQISWEQIEANFKCHEPEKHEIESFCQLSPLQKKTIHFGSSKLGFLVSVKRKNVCFDITDRWGVRRNIDGPFWPFGLGPLGPPPSLRDGVELWGFERARQVRDRVLSKLEYLFVRRSIGEVEDGVTLKRPIVVFDTESSPPMEVRMRRVDVLKEEGELVFESRFESGNLKQARRMQTIIKKRFVKTNSRMYFSGTYEYELVLTPDLVTESHVQWFFFQVAGAKCGVEYTFHIVNLLKTKRLVKTGEKVLFYSKKLAEKTGNGWTRVGTDTSYGRNLKAEKNPILKRGTTYYELKWNMSRDKSETAKEPVFPYDNDVCVFAHCYPYTYSDLKADIHDMMQRARKLPPGSVRCEKLCSTFAGNTCFLITITDPDSEKWAAVLTARVHPGETVGSWNMKGLMELLTHPRNDKAKELRRRYVFKLVPMLNADGVIVGNYRCSLVGRDVNRTYTIYGPDRIPEVHYTRKLVEHCRETCKDVIFCDFHGHSQAFNAFIYGTDSGYRSASIGGVIEPPKTYLTNPKQYLVDRMIPFLISKQDPRRFSFRNCRFSLQPWREGCARITLWRKFNLTHCFTMETSLFGTNLEPGTSLRYFDRGDLQTLGQSVVLALLEFHKIRSNETYAYIGKLIGQLEFNGDLENNIGSVDDFANAFNEYGDLLVEGDEVDSSSASDASSIHESEFILEKTQNMDVRESSAPVMKRKRRHRKHRKCRRRRKNRRRRLARLKSVSGNPSKMPSMGSYE,Non-Allergen,Pending,Pending
TsM_000581400,MDVEISRNLKEVFSDRPIFDRRQRWVEILRQLKLSDLQDFYTETYYNLEKQPTLMIQVDSLSDAESMNTSSKGDSLNCLKTFDWPLNVVPMSGDQAEAERSATLAVDVHEAVLACASGLVTDAAKVDPNADSNVEKERARVALPRIEEILKVRDFKHNVLFPSSP,Non-Allergen,Pending,Pending
TsM_000430600,MSMQFTMNNERMWALVGLLLLINGSVSATQIGKVVANLRLSLYYTNPEHEAADGYCDRSFNDNWCDTYFNICVTSSNSSTDCNLYSTTTETHYDKSHVKYAGKEAFRIPLQYPIPESIRIKISAYDNDRFTSHDLIANFENQVVEVPVPNTIVSAGLVKTENTGHNEHVNITAILTVECIKGFYGERCSIECFPEKYPSMLGCHENGTSICLPGFRGQFCEKPDACFYRPCIPGAECVNVDTSTGYKCICGGSEGAHCYAGYNPCVPSPCENQGQCVRTGGKHDTFTCNCPIQWTGKLCNVQRSPCEVASQKLANADLQDLFGMHKKDNYTSLNGDNITMSVSVCKNGGTCVDLMEDFKFICNCTSGWKGELCTIPDWTNAIIAGCVVSGLVVILLCAIVPCCLRLRVLRRRKPQIPVEPLVYSHGDSKCPITERIPFKDVFYNSVIMSDTTNSQDADNTQQFYEYCTVTSPSSREGDSSTFTPNDYEISVEEKPPPELPVRPDSLAPLPKPHNTSICQDHDSLPSSRSESVYSRQPLLTPRTSGFLTALEGGEHNSQNSGGLPKRSVEDGESTLTRLFRIAKK,Non-Allergen,Pending,Pending
TsM_000828700,MHLTAGSNSKESGSSLNNLSYALGALSSGTPEMEFHTWVNNLGSPETREKALLELCKMRETLPDFAPLLWYSFGTVAALLQEITAVYPYISPPNLTAHQSNRVCNALALLQCLASHPVTRTEFLKAQIPLYLYNFLSTNSRNRPFEYLRLTSLGVIGALAKTDEPDAISFLLNTEIIPLCLHIMETGSELSKTVATFIMQKLLQDNNGLEYICHTYERFAHVATVLSSMVEQLAKEQSTRLLKHVIRCYQRLCDNSRYVSHQSACHILEVFSLLAHYECLSPEDRFFSQ,Non-Allergen,Pending,Pending
TsM_000713600,MCGRIRSLWRLSFLFAVILTSLANFFNFTSFVSPYWIVSVNQENFGFVRLGLWEVCFDNFIFAGDYISKAYDGCWYVFRQEFKYIRFWINPWIETKFCRLSNTPIIFLQSVVVACLTVITIMMGLMSKDRMWLPFSDRNTVGWGLGLAATGGILMLLSIFCLIVDQLAHYSEQIYYKLLEEGGFLPAQSMPPDFTSGAGELPTRTMPPGASAIGVASESKLGGVPSLFLTASLPSVAGSMGSGGRHGGAGPAARISSVLGSAKSALLTRYGETRTTVPGMSLRSEVPATSGALASAKLRQNLQCERPTEPVSTAAAVGAQSSNYSLRSLSLSGIGGKQEKPVIVYGTSQGNILKDSAV,Non-Allergen,Pending,Pending
TsM_001120400,MSAGIYKNKDGRRPSQQYNRIGVMQPVAAVGQVFSATAMSSAPHATWVTGPLQKEPPKEFVPQLLDPEPACQKPAPDAIPGRKPVYSMQEDDAFKAFQKVDEHAMAVSYQEQNSFNQLIWQLIYARNITSDLERVRAIFLWLCTKDLHQMNFDNVTPGSPEEILMGIRTGKSTYAQIFQILCRYANLHCKLLLGYAKGADYSPGMRFSGAATGQHSWNAVLVDGTWHLVDCHWAARRLIVKRASVENVRYILDTFYFLTNPSQLIYTHFPHDKDWQLLHHPITLEEFEALPLVKSAFFKYNLSLVSHRTAVILFSDPETRVVIGYPKDANNTFLFTIGLSFDDSELSEHYNNTSLMRYARQEVIARECCVAFYIRPPRPGAYKLLVYAKKRDGSGMDGIHREAVTPGIGRAGDEKNLYGAVCEYRLMARTPSNACLPPFPPCQTGNYGVTEMFNRFNVVPIGPEAGEATLRARNGVVEVRFALIGGSQRPMPRMMGRLRCSLLPEEALENCILYRVLKSGTEAVITVFLPEAGEFGLEVYASDLERDGSSYFAIWQYLIISEVAASERGLPNLPTGYLGPAARFYELGLQVVSHSDPFIRAEAGELRIQLAYQPQRPLKMMAQLIFASNDASEDYSQMVLQQMRLGQVYFLVRIPRLGFFKLQIYALPEGDRDDSLPGVYNYLIEVSKATHRLRGQIMPFPQQFAHWRRSGCYLDAPTEGILGLDANGRLMANPPAEVAFCLAVPSAHSVAVVVDDDWTYLEARGDRWEGTVPMRAHWGRQSRLSVCASYSQHDANFSTLLEYTLAL,Non-Allergen,Pending,Pending
TsM_000123700,MFIYCAEHSFRRSSRILPAVPGATLVGCLDVCRWAEHLCRVESCYGRRLSAEYGVVNCEEGGSICGEFWLGNSACMFGCDIATDVGSTVFRNISAAFGTYLEMVSIALEFRGGHQNWMN,Allergen,Pending,Pending
TsM_001035800,MSAVRCWRRRNVVEAGRAVMARRSRNGGTMGAVLKVVKRVLRVGAESMTKVGCDVTKSQAQEVIDATVGWEFLNEERGSK,Non-Allergen,Pending,Pending
TsM_000802200,MPHKASAGQPDAPDILRNNASQNLGANIDDVRHMEEKMLRLLEDFEAGKIVSVGADCPYDKLDAVREQQEELMRLHFELDNKMQSTTGPISGRNRQQARRLLMEEGRKTSKSNLSTLVNKLEALSHSIQNLHNQSKA,Allergen,Pending,Pending
TsM_000893500,MISRPKQKDVHKVSEGDSKVFKSSSRESSDSGTATSKVERVKRPMNAFMVWSRSQRRQMGLENPKMHNSEISKRLGSMWKALSDADKKPYVEEASKLRARHMEDYPDYKYRPRRKQKQHHSSQISAKQPAVAHPTNRLTPLKANSLSFDSTKGPQKFTSSTLPLQLPTYDSLTDADSLVLHYRPIVQERGISETYSFEVPTKPYFDEVAISSTPCCYSSDQHQSFPYEYSSYSESSTTPMEFFNPPEPQMQTLIVEYAGIQESQQYSINPPNPHASASVQPPPPAPPIFPPMALATDFDQTASYRDWNRSSAVDENVTCYYEYNLEEGGGSVGGDGAPVEPFEGMSPDVAVLPSMSHMASTLRLGSTDSVTVSHSTPRCLTPMSHFQSHGSECKMPQQNDLGLQSFFEDGSFCARENGFPQYGFPNSVVDLQS,Non-Allergen,Pending,Pending
TsM_000669500,MDSFCPMLFFLLLWALAFITFPYVTAGPAGKPLYAIWVFLLFFSLSAHFVVVPGTCTRVFGPLHMATIYGLVYFATCPSALITAAIVSQFKLAGQWIAVYTACGCACLLAFVCALFIRDKDAHCVGFTNSMCAALCDPLRKGHLDDDMENPDDVFEVDEVLSTTSQKAA,Non-Allergen,Pending,Pending
TsM_001095700,MYIDNTEELFAIVSVNTKIMVKQVYFVVFMAMIFCSQSSSVVPPDVEDLVSLLVCRACEEAFPRSACLGSQEIQNTCLQSILEEEELFSQISKRRGFIGKRGAGMQKRRGFIG,Non-Allergen,Pending,Pending
TsM_001044700,MATQIVDPGQILNDRLLKLEWPSHSLLAKCVPQSACPLSSLMGAEGILVHRWTPSNIDPRKRSFCHRNIALITFPEGPITLEGHCVAIWEDLGLEYLPPPNA,Allergen,Pending,Pending
TsM_001137500,YSRSPRLKYQCKIHDLCYWCEKVVTNHGVTFVIGNFDAIDLSEGLDYELRHMHDDDEAQIRICESMPFSPCECTEGERMETMKPLGHWITEFLEFRGSVAIKLKLQAEKYRVAASMYLGSLENCHKATPSQF,Non-Allergen,Pending,Pending
TsM_000660100,MAVEVSSEAEQYKIQANEYFSKGKYSDAIDLYTKAINVQEKAVYYANRSFAYLKMELFGAAAADASKAIELDPSYIKGYYRRASANMAMGHYNLALKDFETVKRRHPGDKDACSKHLECFRKARMRAFAQAISHEERRSPLETYDPSQVVIESSYNGPHLPQDGDGNYIVTVEFMNDLIETFKAQGKLHRKYAMVLVCKFYNFIRQLPSLVSIDVPDGTKFTVCGDIHGQFYDLVNIFSLNGMPSPKNPYLFNGDFVDRGSFSVECIFTLIGFKLLYPDHFFMSRGNHESENMNQMYGFENEVRSKYNNQMAESFTEVFNWLPLAHLINGRVLTMHGGLFSSDNVSLDDLRNIQRNCQPPDSGLMCEVLWSDPMEAHGRAPSKRGVGCQFGPDVTHSFCDSNGLDFIIRSHEVKEQGYEVAHDGRCVTVFSAPNYCDITQNLGAFITLRGSHEAGGMKPEFTTFKEAPHPRVRPMAYANSLLASLL,Non-Allergen,Pending,Pending
TsM_000450400,MARRYDTRTTIFSPEGRLYQVEYAIEAVGHAPTCLGIVAVDGIVLAGEKRFINKLLDESAFSEKIFRINDDIVCAVAGITADATVLIKEMRLIAQRYLLAYQEPIPVEQLVSHICDLQHGYTMYGGRRPFGVSMLFVGWDKHYGYQLYQNDPSGNFLGWKATCIGSNSSAASSILESDYNPECTAEEAVKLCVKVLYKTMTMSKLTSDKVEIGLLRRKEDKTHVRIYPQSEIDALIKEVEATYPKASDSVKSSEANLRGAEKK,Non-Allergen,Pending,Pending
TsM_001174200,MLKLLLGFCAGFYCGAYYQDKYKINEQQLHFRSGQLPKKAVDLCTLLTQQIAIPEERSLPYLIFVTSLGLSASHEEVFVATISSLLSGSCDGEQATTSLLIAAKQPVERYTAHLNSLLHRSAGRHKVSTLDLSESFLASPVTQSGKDLYNDLRKRATDFTGSVEEGRKPLIFLDDLAVLTDLGVPSHRFLGFLLVSNLHCLVIGYHGSRDGVSNDLLLHLTRRRAELCVDVRPLDTGYSDAIDGQLTISQRHQEYSEDEPVKPTKFHFRAVGRRIHCYYPGASNLVS,Non-Allergen,Pending,Pending
